{
  "/minDepth": {
    "min": 0,
    "max": 5000,
    "value": 200
  },
  "/skip": {
    "min": 1,
    "max": 12,
    "value": 4.44444465637207
  },
  "/chance": {
    "min": 0,
    "max": 1,
    "value": 0.10101009905338287
  },
  "/lerpSpeed": {
    "min": 0.0010000000474974513,
    "max": 0.05000000074505806,
    "value": 0.0010000000474974513
  },
  "/particleSize": {
    "min": 1,
    "max": 10,
    "value": 2.090909004211426
  },
  "/maxDepth": {
    "min": 0,
    "max": 5000,
    "value": 3080.80810546875
  }
}